name,environmental,social,governance,composite
Dryanovo Monastery,49.3,45,44.5,46.4
Bachkovo Monastery,53.0,45,47.1,48.4
Etropole Monastery,46.4,45,42.5,44.7
St. Arsenius Coptic Orthodox Monastery,89.9,45,72.9,69.1
Qasr el-Wizz,25.3,45,27.7,32.9
Tatev Monastery,32.9,55,33.0,40.7
Bodbe Monastery,21.1,65,24.8,37.6
Alaverdi Monastery,39.4,45,37.6,40.8
Jvari (monastery),1.0,45,10.7,19.3
Zedazeni Monastery,70.1,45,59.1,58.0
Khor Virap Monastery,97.1,45,78.0,73.1
David Gareja monastery complex,83.1,55,68.2,68.8
Geghard Monastery,94.4,45,76.1,71.6
Katskhi Monastery,57.2,55,50.0,54.3
Katskhi pillar,63.4,45,54.4,54.3
Chulevi Monastery,38.0,55,36.6,43.5
Gelati Monastery,51.7,45,46.2,47.7
Martvili Monastery,77.5,45,64.2,62.1
Istifanos (Hayq) Monastery,43.6,45,40.5,43.2
Tsadkane Mariam Monastery,32.4,65,32.7,43.9
Debre Abbay,38.0,45,36.6,40.0
Abba Garima Monastery,77.2,45,64.0,62.0
Sviatohirsk Lavra,28.1,45,29.7,34.5
Monastery of St Simeon Stylites (Qalaat Samaan),92.9,65,75.0,77.8
St. George Coptic Orthodox Monastery,81.4,65,67.0,71.3
Deir Mar Maroun,100.0,45,80.0,74.8
Our Lady of Saidnaya Monastery,83.3,65,68.3,72.4
Trapessac,3.8,55,12.6,24.4
Bagras (Gaston),6.4,55,14.5,25.8
Chastel Blanc,8.6,55,16.0,27.1
Monastery of the Cross,60.5,45,52.3,52.6
Chastel Rouge (Qal’at Yahmur),6.3,55,14.4,25.8
"Deir Qannoubin, Qozhaya",82.0,45,67.4,64.7
"Mar Antonios, Qozhaya",49.3,45,44.5,46.4
Margat (Marqab),5.5,55,13.8,25.3
Krak des Chevaliers (Hisn al-Akrad),7.2,55,15.0,26.3
Deir Saydet Hamatoura,91.5,65,74.0,77.0
"Deir El-Balamand of the Greek Orthodox, Koura",48.9,55,44.2,49.6
La Colée (Qalaat al-Qlaiaat),7.8,55,15.4,26.6
Deir Mar Elisha (Monastery of Saint Elisha),17.9,45,22.5,28.8
Deir Saydet El-Natour,49.3,55,44.5,49.9
"Deir Mar Geryes (Monastery of St. George) – Shweir, Metn",18.5,65,22.9,36.1
"Deir Saydet El-Nourieh, Hamat",73.2,45,61.2,59.7
"Deir Saydet El Beshara (Monastery of Our Lady of the Annunciation) – Zouk Mikael, Keserwan",18.6,65,23.0,36.2
Saint Anthony of Padua,43.6,45,40.5,43.2
"Beaufort Castle, Lebanon",0.4,55,10.3,22.5
Mar Lichaa Monastery,42.0,55,39.4,45.8
St. Bishoy Coptic Orthodox Monastery,96.1,65,77.3,79.6
St. Zacchaeus Coptic Orthodox Monastery,90.1,75,73.1,79.7
Monastery of the Temptation (Jericho),94.9,65,76.4,78.9
Abbaye du Saulchoir,31.7,45,32.2,36.5
Al-Sultan Coptic Orthodox Monastery,95.2,55,76.6,75.6
St George Coptic Orthodox Convent,94.4,65,76.1,78.6
Mount of Olives Monastery (Jerusalem),92.1,65,74.5,77.3
Église Sainte-Anne,50.3,75,45.2,57.4
Church of the Sepulchre of Saint Mary,50.4,55,45.3,50.5
Al-Aqsa Mosque,3.8,55,12.6,24.4
Church of the Nativity,95.5,55,76.8,75.7
St Mary of the Resurrection Abbey,49.8,55,44.8,50.1
Bayt Jibrin (Beth Gibelin),8.3,55,15.8,26.9
Hospitaller commandery of Saint-Jean-d'Acre,9.0,55,16.3,27.3
Château Pèlerin,4.1,55,12.9,24.6
Gastria Castle,14.7,55,20.3,30.5
Saint Catherine's Monastery,82.2,65,67.5,71.8
Hagia Thekla,49.3,65,44.5,53.4
Tokmar Kalesi,20.8,55,24.5,33.9
Silifke kalesi,2.1,55,11.5,23.4
Kolossi Castle,20.2,55,24.1,33.6
St. Simeon (St. Hadra) Coptic Orthodox Monastery,82.5,55,67.7,68.4
Dayr Anbā Ḥadra (“St Simeon”) – Aswan west bank,33.8,45,33.6,37.7
Monastery of St Hatre (Dayr Amba Ḥaṭri) – Aswan west bank cliffs,22.5,45,25.7,31.3
Naqada Monastery,93.0,45,75.1,70.8
St. Andrews Coptic Orthodox Monastery,88.7,45,72.1,68.4
St. Victor Coptic Orthodox Monastery,94.4,45,76.1,71.6
Prophet Jeremiah Coptic Monastery (Qamula–Qena),94.4,45,76.1,71.6
Holy Cross Coptic Orthodox Monastery,44.0,45,40.8,43.4
St. Pisentius Coptic Orthodox Monastery,83.1,45,68.2,65.3
St. Moses the Black Coptic Orthodox Monastery,33.8,45,33.6,37.7
St. Pachomius Coptic Orthodox Monastery,94.9,45,76.4,71.9
St. Theodore the Warrior Coptic Orthodox Monastery,93.8,45,75.6,71.3
St. Wannas Coptic Orthodox Monastery,91.5,45,74.0,70.0
St. Matthew the Potter Coptic Orthodox Monastery,74.4,55,62.1,63.9
Deir El Shohada,97.0,45,77.9,73.1
Rila Monastery,61.8,45,53.2,53.3
Kremikovtsi Monastery,38.0,65,36.6,47.0
Rozhen Monastery,43.6,45,40.5,43.2
St. Badaba Coptic Orthodox Monastery,91.5,45,74.0,70.0
St. Damiana Coptic Orthodox Convent,88.7,65,72.1,75.4
St. George (Dair al-Hadid) Coptic Orthodox Monastery,87.6,45,71.3,67.8
St. Pachomius the Martyr Coptic Orthodox Monastery,94.4,45,76.1,71.6
St. Pisada Coptic Orthodox Monastery,88.7,45,72.1,68.4
St. Thomas the Hermit Coptic Orthodox Monastery,92.7,45,74.9,70.7
Monastery of the Martyrs of Akhmim,91.5,45,74.0,70.0
White Monastery,23.3,75,26.3,42.3
St. Pishay Coptic Orthodox Monastery,94.4,45,76.1,71.6
Red Monastery,94.4,45,76.1,71.6
Atripe,91.5,65,74.0,77.0
St. Michael Coptic Orthodox Monastery,88.7,45,72.1,68.4
Dragalevtsi Monastery,38.3,55,36.8,43.7
Razboishte Monastery,56.3,65,49.4,57.3
Lopushna Monastery,46.4,45,42.5,44.7
S. Maria de Vallverd,17.0,65,21.9,35.3
S. MarÃ­a de Piasca,7.5,75,15.2,33.4
S. Pere de Burgal,6.5,65,14.5,29.4
Conception Convent,31.9,65,32.3,43.6
Nikolo-Perervinsky Monastery,17.1,45,22.0,28.3
Novodevichy Convent (Moscow),28.2,65,29.7,41.5
St. Anthony,94.0,45,75.8,71.4
Ennaton Coptic Orthodox Monastery,28.1,45,29.7,34.5
St. Menas Coptic Orthodox Monastery (Egypt),83.1,45,68.2,65.3
St. Macarius of Alexandria Coptic Orthodox Monastery,93.8,45,75.6,71.3
El Amir Tadros El Meshreky Monastery,91.5,45,74.0,70.0
St. Samaan the Tanner Coptic Orthodox Monastery,75.2,45,62.6,60.8
St. Theodore the Oriental Coptic Orthodox Monastery,88.7,45,72.1,68.4
The Hanging Coptic Orthodox Monastery,91.5,45,74.0,70.0
St. Paul the Anchorite Coptic Orthodox Monastery,94.4,45,76.1,71.6
St. Paul the Theban Coptic Orthodox Monastery,94.9,45,76.4,71.9
St. George Coptic Orthodox Convent,63.4,65,54.4,61.3
St. George Coptic Orthodox Nunnery,81.4,65,67.0,71.3
St. Mary Coptic Orthodox Convent,66.2,65,56.3,62.8
St. Mercurius (Abu-Sefein) Coptic Orthodox Convent,74.6,65,62.2,67.5
Virgin Mary Coptic Orthodox Convent,60.5,65,52.3,59.6
St. Apollo at Bawit Coptic Orthodox Monastery,96.1,45,77.3,72.6
St. Mina Coptic Orthodox Monastery,88.7,65,72.1,75.4
"St. Pishoy, Deir El Bersha",94.0,45,75.8,71.4
St. John ( Deir Abu Hinnis ) Coptic Orthodox Monastery,91.5,45,74.0,70.0
Monastery of the Archangel Gabriel at Naqlun,88.7,45,72.1,68.4
Holy Virgin Mary (Deir al-Hammam) Coptic Orthodox Monastery,91.5,45,74.0,70.0
Holy Virgin Mary Coptic Orthodox Monastery (El-Quseyya),94.4,45,76.1,71.6
Deir el-Muharraq,83.1,45,68.2,65.3
St. Thomas Coptic Orthodox Monastery,74.6,45,62.2,60.5
St. Fana Coptic Orthodox Monastery,49.3,45,44.5,46.4
Monastery of Saint Samuel the Confessor,88.7,45,72.1,68.4
Holy Virgin Mary Coptic Orthodox Monastery (Minya),91.5,65,74.0,77.0
Al-Sanquriya,28.1,45,29.7,34.5
"St. Pishoy, Wadi El Natrun",92.1,45,74.5,70.3
St. Macarius Coptic Orthodox Monastery,93.8,45,75.6,71.3
St. John the Dwarf Coptic Orthodox Monastery,91.5,45,74.0,70.0
Paromeos Coptic Orthodox Monastery,95.2,45,76.6,72.0
Virgin Mary (El-Sourian) Coptic Orthodox Monastery,83.1,45,68.2,65.3
St. Michael's Golden-Domed Monastery,51.6,45,46.1,47.6
Pempton Coptic Orthodox Monastery,16.9,45,21.8,28.2
St. Menas Coptic Orthodox Monastery,90.4,45,73.3,69.4
St. Cyprius (Dair Qabriyus) Coptic Orthodox Monastery,83.1,45,68.2,65.3
St. Mercurius Coptic Orthodox Nunnery,54.9,65,48.4,56.5
Deir Abu Metta and Kellis,30.9,45,31.6,36.0
Kecharitomene,6.1,75,14.3,32.7
Convent of Lips,22.2,65,25.5,38.2
Philanthropos,4.1,65,12.9,28.1
Bebaia Elpis,6.9,75,14.8,33.1
Monastery of the Myrelaion,37.4,65,36.2,46.7
Olympiades,68.4,65,57.9,64.1
Vazelon Monastery (Trabzon),93.1,55,75.2,74.4
Matrones,50.7,65,45.5,54.1
New Valamo,49.3,45,44.5,46.4
Lintula Holy Trinity Convent,7.3,65,15.1,29.8
Palace of the Grand Master of the Knights of Rhodes,12.0,55,18.4,29.0
Bodrum Kalesi,6.7,55,14.7,26.0
Matejče Monastery (North Macedonia),37.6,45,36.3,39.8
Monastery of St Naum (North Macedonia),63.1,65,54.2,61.1
Lešok Monastery (North Macedonia),39.3,65,37.5,47.8
Psača Monastery (North Macedonia),38.0,55,36.6,43.5
Bogdana Monastery,37.4,45,36.2,39.7
Brașov (Kronstadt),5.2,65,13.6,28.6
Moni Toplou,38.0,45,36.6,40.0
S. Bartomeu de Bell-lloc,43.3,45,40.3,43.0
Bistrița,15.3,65,20.7,34.3
Cozia Monastery,35.9,65,35.1,45.8
Carta,2.1,45,11.5,19.9
S. Daniel de Galligants,56.8,75,49.8,61.1
Amalfinon Monastery,3.8,55,12.6,24.4
Daphni Monastery,53.2,65,47.2,55.5
Great Lavra,59.8,45,51.8,52.2
Karakallou Monastery,54.9,45,48.4,49.5
Lakkoskiti,58.6,45,51.0,51.6
Lesnovo Monastery,38.0,65,36.6,47.0
S. Maria de Valldemaria,21.8,65,25.2,37.9
Cluj-Mănăștur Calvaria,24.7,45,27.3,32.6
S. SadurnÃ­ de Collsabadell,2.4,65,11.7,27.1
S. Nicolau de Camprodon,16.7,65,21.7,35.1
Lapušnja Monastery,29.5,45,30.6,35.3
Supraśl – Monastery of the Annunciation of the Mother of God,29.7,45,30.8,35.4
S. Magdalena de Conangle,35.6,65,34.9,45.7
Monastery of Agioi Anargyroi,29.3,65,30.5,42.2
S. Joan de les Abadesses,7.3,75,15.1,33.3
S. Maria de Savall,3.6,65,12.5,27.8
Zwierzyniec,47.9,75,43.5,56.1
Zwierzyniec,48.6,45,44.0,46.0
Naustathmus (Libya),6.9,45,14.8,22.6
Tripoli castle,1.1,55,10.8,22.9
Jabłeczna – Monastery of St Onuphrius the Great,29.7,45,30.8,35.4
Zaraka Monastery,2.8,45,11.9,20.3
Convent of the Mother of God Pantanassa,35.2,75,34.6,49.0
Holy Trinity Monastery (Gornja Kamenica),32.0,45,32.4,36.7
Divljana Monastery,35.5,45,34.8,38.6
St John the Baptist Monastery (Jašunja),28.6,45,30.0,34.8
St. Mercurius Coptic Orthodox Monastery (Tammūna),56.0,65,49.2,57.1
Monastery of Saint John the Theologian,52.8,45,46.9,48.3
Isova Monastery,3.2,45,12.2,20.5
"Church of St. George, Staro NagoriÄane",53.7,45,47.6,48.8
Koprzywnica,26.4,55,28.5,37.0
Marko's Monastery,38.2,45,36.7,40.1
Nimnik Monastery,38.0,45,36.6,40.0
Krepičevac  Monastery,29.5,65,30.6,42.3
"Church of the Holy Mother of God, Kuršumlija",48.8,65,44.1,53.1
Hodoș-Bodrog,6.5,75,14.5,32.9
Kalenić Monastery,34.8,45,34.3,38.2
Rousanou Monastery,12.7,65,18.9,32.9
Drenča Monastery,36.4,45,35.5,39.1
Lepenac Monastery,32.4,65,32.7,43.9
jubostinja Monastery,35.9,45,35.1,38.8
Milentija Monastery,32.4,65,32.7,43.9
Klisura Monastery (Serbia),43.6,65,40.5,50.2
Kumanica Monastery,43.6,65,40.5,50.2
Mažić Monastery,49.3,65,44.5,53.4
Banja Monastery,49.3,45,44.5,46.4
Crna Reka Monastery,43.6,65,40.5,50.2
Hebdów,37.5,45,36.2,39.7
Patriarchate of Peć Monastery,43.6,65,40.5,50.2
Fenek Monastery (Surčin),32.4,45,32.7,36.9
"Czerwińsk nad Wisłą, Masovia",50.5,45,45.3,47.0
"Church of St. Achillius, Arilje",41.0,45,38.7,41.7
"Beška Monastery (island of Beška, Serbia)",33.0,45,33.1,37.2
Kraków (Kazimierz suburb) – Convent of the Augustinian Hermits,38.4,45,36.9,40.3
Camaldolese Monastery,23.4,45,26.4,31.9
Kraków,0.8,45,10.5,19.2
Stary Sącz (Małopolska),41.9,45,39.3,42.2
Ćelije  Monastery,41.9,65,39.3,49.2
Banjska Monastery,13.1,45,19.2,26.1
"Holy Trinity Monastery, Mušutište",36.5,45,35.5,39.2
Bina Monastery (Serbia),38.0,45,36.6,40.0
Ardenica Monastery,41.8,45,39.2,42.1
Mileševa Monastery,44.5,45,41.1,43.7
Moračnik Monastery (Montenegro),35.2,45,34.6,38.4
Orahovo Monastery,44.6,65,41.2,50.7
Praskvica Monastery,54.9,45,48.4,49.5
Kamenac Monastery,32.4,65,32.7,43.9
Mieszno near Chełmno (Chełmno Land / Kulmerland),2.4,45,11.7,20.1
Buda single royal confirmation charter.,0.6,45,10.4,19.1
Gdańsk-Olszynka (Marienbrunn),9.0,45,16.3,23.8
"Thorn Abbey (Toruń, Poland)",47.4,65,43.2,52.3
Roma Abbey monks,20.6,45,24.4,30.3
Dobrićevo Monastery,30.7,45,31.5,35.9
S. Giorgio (Lecce),35.3,45,34.7,38.5
S. Giovanni Evangelista (Lecce),38.0,65,36.6,47.0
Sankta Klara Kloster,13.4,75,19.4,36.8
"S. Maria Antica, Veterana",43.3,65,40.3,50.0
Hodoș-Bodrog Monastery,47.7,45,43.4,45.5
Grnčarica Monastery,43.6,45,40.5,43.2
Franciscan church and monastery in Gniezno,41.4,45,39.0,41.9
S. Scolastica (Benedictine),42.1,65,39.5,49.3
S. Benedetto,33.8,65,33.6,44.7
Trebnitz,34.2,75,33.9,48.4
Wrocław,0.5,45,10.3,19.0
Lubiń (Wielkopolska),53.8,45,47.6,48.9
Church of Saint John of Jerusalem outside the walls,47.2,55,43.0,48.7
S. Salvatore (Benedictine),26.1,65,28.3,40.4
S. Procopio “de Sao” (Benedictine),37.4,65,36.2,46.7
S. Giacomo,57.4,45,50.2,50.9
S. Giacomo di Cuti,35.2,65,34.6,45.4
Santissima Trinità (Sannicandro di Bari),14.9,65,20.4,34.1
S. Giovanni Battista,49.9,65,44.9,53.7
Gornjak Monastery,36.3,45,35.4,39.1
S. Maria Magdalena vor Schottentor,16.5,65,21.5,35.0
S. Jakob auf der HÃ¼lben,33.3,75,40.0,49.9
Himmelpforte (St Agnes),30.8,75,34.8,47.5
Sopron Mantellate at St Michael,8.8,75,16.2,34.2
Mailberg Castle,49.5,55,44.6,50.0
Malteserkirche,40.3,55,38.2,44.8
S. Maria d'Issac,3.5,65,12.4,27.7
S. Bartolomeo di Carbonara (Bari–Carbonara),37.0,45,35.9,39.5
S. Arcangelo (Monte Sant’Angelo),28.0,65,29.6,41.4
Manfredonia,14.2,65,19.9,33.7
Askeby Abbey nuns,20.2,65,24.1,37.0
Abbazia della Santissima Trinità,53.1,55,47.2,52.0
Vrana Fortress,25.4,55,27.8,36.5
S. Bothan's,22.9,65,26.0,38.6
Lubań–Nowogród (Nowogrodziec),19.8,45,23.8,29.8
S. Nicola delle Monache (Benedictine),39.9,65,37.9,48.1
Ricetta di Malta,2.5,55,11.7,23.6
Marienthal,16.6,65,21.6,35.0
Riseberga Abbey nuns,19.9,65,23.9,36.9
Benvello,38.2,65,36.7,47.1
Alvastra Abbey monks,22.5,45,25.7,31.3
S. Maria della Carita,17.0,75,21.9,38.8
Il-Palazz tal-Granmastru,15.1,55,20.6,30.7
Grandmaster's Palace (Valletta),13.0,55,19.1,29.5
Monasterium fratrum sacco-rum in platea Fori,1.0,45,10.7,19.3
S. Maria della Consolazione (Benedictine),61.3,65,52.9,60.1
S. Chiara (Sulmona),34.1,65,33.9,44.9
S. Savino,4.0,45,12.8,21.0
S. Giuliano,13.9,65,19.7,33.5
S. Maria di Leveriano sull’Aso (Benedictine),43.7,65,40.6,50.2
S. Maria delle Monache,47.5,65,43.2,52.3
S. Bernardo,15.8,45,21.0,27.6
S. Margherita (Montegranaro),32.0,65,32.4,43.7
S. Chiara di Sora,36.9,65,35.8,46.4
Boitzenburg,14.9,75,20.4,37.6
Notre Dame de Monte S. Giusto,43.9,65,40.7,50.3
S. Michele,22.1,75,25.5,41.6
S. Angelo di Voltorino,45.5,45,41.8,44.2
"Ascoli-Piceno, ""Cella femminile""",46.2,65,42.3,51.6
"S Maria, Matteo & Antonio (Ascoli)",32.8,65,32.9,44.1
S. Maria del Donne,14.5,75,20.1,37.4
S. Caterina,17.1,65,22.0,35.3
Maria della Rose,74.5,65,62.1,67.5
Monastero dell’Eucaristia (L’Aquila),20.4,45,24.3,30.2
S. Giorgio (Alvaneto),23.3,45,26.3,31.8
S. Lucia (San Ginesio),34.8,65,34.3,45.2
S. Maria delle Canne,2.6,65,11.8,27.2
S. Angelo di Orsano,11.0,65,17.7,31.9
S. Amadea,3.4,65,12.4,27.7
S. Benedettino,22.4,65,25.7,38.3
Monte Acuti (Cingoli),10.1,65,17.1,31.4
S. Marcus,46.8,65,42.8,52.0
S Maria di Chiaravalle (Fiastra),37.2,65,36.0,46.6
S. Maria di Viano,9.8,65,16.8,31.2
S. Girolamo,12.2,65,18.5,32.6
S. Gregorio de Dinazzano (Camerino),29.2,65,30.4,42.1
Millstatt Abbey,22.4,55,25.7,34.8
Petersfrauen,26.6,75,42.3,48.2
"Nonnberg (Nunberg, Nonberg) Abbey",73.8,75,64.0,71.3
S. Trinità (Benedictine),55.9,65,49.1,57.0
S. Filipo,13.1,65,19.2,33.1
S. Maria Maddalena,5.3,65,13.7,28.7
S. Maria in Colle,10.5,65,17.3,31.6
Corpus Domini,16.5,65,21.5,35.0
S. Angelo in Fossis,0.4,65,10.3,26.0
S. Paolo,22.8,65,25.9,38.5
S. Vittore delle Chiuse,28.5,45,29.9,34.7
S. Marco,4.0,65,12.8,28.0
S. Maria Appenino,30.4,75,31.3,46.3
S. Margherita,14.4,75,40.1,43.3
S. Maria delle Vergini,24.4,65,27.1,39.4
S Salvatore di Valdicastro & S Biagio,45.5,65,41.8,51.2
S. Maria di Valdisasso,62.7,65,53.9,60.9
Monastero delle Benedettine Camaldolesi,37.1,65,36.0,46.5
S. Pietro di Paliano,3.9,65,12.7,27.9
S. Benedetto di Roiate,9.0,45,16.3,23.8
S. Maria di Certosa,14.8,65,20.3,34.0
S. Maria in Sextuno,21.5,65,25.0,37.8
S. Angelo in Narnate (Rieti),57.9,65,50.5,58.2
S. Chiara (Rieti),32.7,65,32.9,44.1
S. Pietro de Molito,38.0,75,36.6,50.5
Monastero di Fonte Avellana,56.0,45,49.2,50.1
S. Maria de Monteluco (Clares),45.2,65,41.6,51.0
S. Giovanni delle Poelle,7.3,65,15.1,29.8
S Apollonia (Foligno),30.4,65,31.3,42.8
S. Maria di Betlem,15.2,65,20.6,34.2
S. Caterina de Monte Sinai,13.7,65,19.6,33.4
"S. Agnese (Clares, Foligno)",22.9,65,26.0,38.6
S. Lucia,36.1,65,35.3,46.0
Santa Maria di Vallegloria,14.4,65,20.1,33.8
S. Rocco (Franciscan),41.1,45,38.8,41.8
S. Chiara,18.4,65,22.9,36.1
S. Giacomo de Murorupto,9.4,65,16.6,31.0
S. Paolo delle Abbadesse,15.3,65,22.9,35.0
S. Caterina della Picaia,18.9,65,23.2,36.3
S. Apollinare,30.2,65,33.3,43.3
S. Donato di Flebulle (Assisi),32.5,45,49.4,41.9
S. Giovanni delle Rocche (Assisi),22.8,65,25.9,38.5
S. Croce al Ponte dei Galli,16.7,65,21.7,35.1
Benedetta,32.2,65,32.5,43.8
"Franciscan Friary, Helsingør",6.5,45,14.5,22.4
Monastero delle Romite Camaldolesi di San Secondo,37.1,65,36.0,46.5
Sankt Clara Kloster,1.9,75,11.3,30.3
San Paolo delle Abbadesse,14.3,75,20.0,37.3
Heiligengrabe,14.7,75,20.3,37.5
Romans,24.8,65,27.4,39.6
S. Spirito,23.7,45,26.6,32.0
S. Stefano Maggiore,11.6,65,18.1,32.2
S. Sebastiano in Catacumbas,23.5,65,26.4,38.9
"S. Salvatore ""ad duos amantes""",10.2,65,17.1,31.4
S. Maria in Cannella,5.6,65,13.9,28.9
S. Maria sopra Minerva,29.5,65,30.6,42.3
"S. Pancrazio sulla Via Aurelia, al Gianicolo",9.8,45,16.8,24.2
S. Urbano in Campo Carleo,9.4,65,16.6,31.0
S. Maria della Massima,79.4,65,65.6,70.2
S. Cecilia in Trastevere,29.8,65,30.8,42.4
S. Maria in Campo Marzio,63.1,65,54.2,61.1
S. Francesca Romana a Tor de’ Specchi (Rome),33.3,65,33.3,44.4
San Gregorio Magno al Celio,23.9,45,26.7,32.1
Monastero di Sant'Antonio Abate (Rome),37.1,65,36.0,46.5
S. Pietro in Montorio,4.0,45,12.8,21.0
Seligenporten,17.6,75,22.3,39.1
S. Maria de Eula,22.1,65,25.5,38.1
S. Cosma e S. Damiano in Mica Aurea,32.4,65,32.7,43.9
Montesanto (Cuti),35.5,65,34.8,45.6
S. Domenico e S. Sisto,40.8,65,38.6,48.6
"Rome, Ad Luna (early Christian site)",88.1,65,71.7,75.1
S. Maria della Concezione,32.7,65,32.9,44.1
San Girolamo della Carità,16.0,65,21.2,34.7
Casa dei Cavalieri di Rodi,37.0,55,35.9,43.0
S. Maria del Ponte,11.4,65,18.0,32.1
"S. Tommaso, Benedictine",17.2,65,22.0,35.4
S. Tommaso,12.0,65,18.4,32.5
S. Francisco,8.1,65,15.7,30.3
Marienbronn,32.9,65,33.0,44.2
S. Maria dentro la CittÃ,2.4,65,11.7,27.1
S. Caterina della Scala (Todi),25.0,45,27.5,32.8
S. Petronilla,11.2,45,17.8,25.0
Maggiore di Monte Mascarano,10.0,65,17.0,31.4
S. Maria di Montecristo,30.7,65,31.5,42.9
S. Giovanni di Paragnano (Todi),37.3,65,36.1,46.6
S. Antonio Abate,23.8,65,26.6,39.1
"S. Sperandio, Perugia",30.2,65,31.1,42.6
S. Angelo de Arenaria,0.2,65,10.1,25.8
S. Maria di Valverde,17.0,75,21.9,38.8
S. Giorgio,7.5,45,15.2,22.9
S. Maria di Valfabbrica,4.8,65,13.3,28.4
S. Galgano,6.8,45,14.7,22.5
S. Giovanni di Columbella,4.1,45,12.9,21.1
S. Maria Colomata,15.6,75,20.9,38.0
S. Caterina Vecchia,21.6,65,25.1,37.8
S. Maria Annunziata di Monte Corneo (Benedictine),26.3,65,28.4,40.5
S. Giuliana,31.3,65,31.9,43.3
S. Francesco delle Donne,31.6,45,32.1,36.4
S. Antonio da Padova convent (Perugia),33.7,65,33.6,44.6
Monna Simone,0.3,75,10.2,29.4
S. Zaccaria (Benedictine),55.1,75,48.6,60.1
San Michele in Isola,19.2,45,23.4,29.5
San Girolamo dei Gesuati,17.9,65,22.5,35.8
Penitenti mulieres quae dicuntur de sacco,1.1,45,10.8,19.4
"San Giovanni di Malta, Venice",47.2,55,43.0,48.7
Tutti i Santi,13.3,65,19.3,33.2
S. Sperandio,0.7,65,10.5,26.1
S. Basilio,9.0,65,16.3,30.8
S. Maria de Pupula,5.9,65,14.1,29.0
S. Maria Maddalena and S. Martha,9.4,65,16.6,31.0
S. Maria in Trastevere,17.0,65,21.9,35.3
S. Cecilia,13.2,65,19.2,33.1
Altenhohenau,32.0,65,32.4,43.7
Slangerup Abbey,21.6,65,25.1,37.8
Seligenthal,32.1,75,32.5,47.2
S. Maria della Fonte fuori della Porta S. Maria,2.5,65,11.7,27.1
S. Maria in Volturna,4.5,65,13.1,28.3
S. Fortunato,2.3,65,11.6,27.0
S. Maria del Paradiso,9.3,65,16.5,31.0
S Trinità (Orvieto),34.9,65,34.4,45.3
S. Maria,29.1,65,30.4,42.1
S. Maria Maddalena (Benedictine),30.3,65,31.2,42.7
S. Michele Archangelo,28.4,45,29.9,34.7
S. Croce,28.9,65,30.2,41.9
S. Chiara di Cortona,17.5,65,22.2,35.5
S. Lorenz,25.6,75,33.2,45.2
Holthausen,31.9,65,32.3,43.6
S. Caterina in Arezzo,26.7,65,28.7,40.7
S. Agostino alla Ginestra,39.3,45,37.5,40.8
Immacolata Concezione (Arezzo),26.6,45,28.6,33.6
Sacro Eremo e Monastero di Camaldoli,57.0,45,49.9,50.7
S. Maria de Gavillione e S. Juliana (Clares),30.9,65,31.6,43.0
S. Marienstern,43.7,75,40.6,53.7
Brixen,17.9,65,22.5,35.8
Blankenburg,15.8,65,21.0,34.6
Huysburg,18.4,45,22.9,29.1
Hadmersleben,47.8,45,43.4,45.5
Himmelkron,15.1,65,20.6,34.2
Pfäffikonkloster,29.1,65,30.4,42.1
Marienstuhl,30.9,65,31.6,43.0
Helfta,17.8,75,22.4,39.2
S. Antimo,42.8,45,39.9,42.7
Rinchiuse di Figline Valdarno,33.1,65,33.2,44.3
Hohenwart,46.2,75,42.3,55.1
S. Barbara,19.1,65,23.4,36.5
Antvorskov Kloster,20.9,55,24.6,33.9
S. Caterina di Quarto,4.8,65,13.3,28.4
S. Agostino di Fossa Cavallina,4.6,65,13.2,28.3
S. Agostino di Strada Maggiore,1.1,65,10.8,26.4
S. Andrea di Pontemaggiore,10.3,65,17.2,31.5
S. Caterina di Strada San Donato,9.9,65,16.9,31.3
S. Maria Maddalena delle Repentite,25.0,65,27.5,39.8
S. Elena,15.1,65,20.6,34.2
S. Maria del Monte della Guardia (Augustinian),34.6,65,34.2,45.1
Gesù e Maria convent (Bologna),35.2,65,34.6,45.4
S. Cristina di Stifonte,8.3,65,15.8,30.4
S. Nicolo di Carpineta,4.7,65,13.3,28.4
S. Croce di Borgo Galliera,2.4,65,11.7,27.1
S. Colombano,13.1,65,19.2,33.1
S. Cristina della Fondazza,31.2,65,31.8,43.2
S. Maria Maddalena di Valdipietra (Benedictine),30.6,65,31.4,42.9
S. Maria della Misericordia,10.5,65,17.3,31.6
S. Maria del Cestello,12.5,65,18.7,32.7
S. Guglielmo,30.6,65,31.4,42.9
SS. Leonardo e Orsola,14.2,65,19.9,33.7
"Corpus Domini, Bologna",19.6,75,23.7,40.2
Monastero delle Clarisse Eremite della Santissima Trinità e della Catena,0.7,75,10.5,29.6
S. Francesco ordinis Sanctae Clarae,15.7,75,21.0,38.0
S. Maria Maddalena delle Convertite,10.8,65,17.5,31.8
S. Maria Maddalena di Via Galliera,13.0,65,19.1,33.0
S. Maria Nuova,30.9,65,31.6,43.0
S. Maria delle Pugliole,16.2,75,21.3,38.3
Domus fratrum de poenitentia,1.3,45,10.9,19.5
S. Ambrogio,11.2,45,17.8,25.0
S. Prospero,15.4,45,20.8,27.4
S. Maria a Monte Cellesi (Benedictine),41.9,65,39.3,49.2
San Girolamo in Campansi,17.3,65,22.1,35.4
S. Elisabetta,1.5,45,11.0,19.6
S. Romolo e S. Bartolomeo,0.1,45,10.1,18.8
S. Ilario in Alfiano,16.7,75,21.7,38.6
S. Maria di Rosano,39.0,75,37.3,51.1
S. Giovanni Evangelisto a Pratovecchio,42.2,45,39.5,42.4
S. Bartolomeo alla Lastra,5.6,45,13.9,21.9
S. Caterina a Figline (Fiesole),36.1,65,35.3,46.0
S. Annunziata,0.7,65,10.5,26.1
S. Caterina di Cento,15.8,65,21.0,34.6
S. Donato a Torri in Polverosa,31.4,45,32.0,36.3
Santissima Annunziata di Firenze,0.0,65,10.0,25.8
S Silvestro,7.5,45,15.2,22.9
Le Murate,23.5,65,26.4,38.9
S. Michele delle Campora (Benedictine),20.3,45,24.2,30.1
S Michaelis de Monte Tribaldi (Florence),34.3,45,34.0,38.0
S. Verdiana,2.0,45,11.4,19.9
Santa Maria degli Angeli,28.9,45,30.2,34.9
Certosa di Firenze,32.6,45,32.8,37.0
S Maria Maddalena de’ Calsati (Florence),23.2,65,26.2,38.7
S. Maria Maddelena delle Convertite,6.8,65,14.7,29.5
San Domenico di Cafaggio,29.0,65,30.3,42.0
S Francesco a Guadato (Florence),44.8,45,41.3,43.8
S. Girolamo delle Poverine Ingesuate,27.4,65,29.2,41.1
Utstein Abbey,15.4,55,20.8,30.9
Værne Kloster,20.1,55,24.1,33.5
Marienstein,19.3,65,23.5,36.6
Heidenheim,44.3,65,41.0,50.6
S. Walburg,43.2,65,40.2,49.9
NiederschÃ¶nenfeld,33.8,75,33.6,48.2
Quedlinburg Abbey,56.5,75,49.5,60.9
Abbazia di San Salvatore,42.8,45,39.9,42.7
Sonnefeld,14.8,75,20.3,37.5
S. Niccolo di Prato,40.8,45,38.6,41.6
Engelthal,18.3,75,27.5,40.9
Pillenreuth,28.5,65,29.9,41.7
Himmelthron,10.2,65,17.1,31.4
S. Katharinenkloster,12.9,75,19.0,36.5
S. Caterina delle Ruote,26.4,65,28.5,40.5
Drübeck Abbey,38.0,65,36.6,47.0
Gerbstedt,34.0,75,33.8,48.3
Aschersleben,14.5,65,20.1,33.9
St. Marienberg,19.6,65,23.7,36.7
Frauenaurach,15.7,65,21.0,34.5
OberschÃ¶nenfeld,33.9,75,33.7,48.2
S. Katharina (S. Katharine),32.2,75,32.5,47.3
S. Ursula,26.3,65,28.4,40.5
S. Martin,15.2,65,20.6,34.2
S. Maria and S. Theodor,22.3,65,25.6,38.2
Heilig Grab,24.6,45,27.2,32.5
Dietenborn,1.6,65,11.1,26.6
SchlÃ¼sselau,15.4,75,20.8,37.9
Abbenrode,17.0,65,21.9,35.3
Kaufbeuren,30.5,65,31.3,42.8
Birkenfeld,15.1,75,20.6,37.7
Isenhagen,31.9,75,32.3,47.1
Medingen,44.7,75,41.3,54.3
Heiligen Kreuz,17.7,75,22.4,39.2
Kitzingen,45.6,65,41.9,51.3
S. Maria al Corso,8.1,65,15.7,30.3
S. Dalmazio,28.1,65,29.7,41.5
S. Cerbone,16.5,65,21.5,35.0
Dominae de Campo S. Petro,27.2,65,29.0,41.0
S. Anna (Lucca),61.2,65,52.8,60.0
S. Benedetto e S. Scolastica (Lucca),55.5,65,48.8,56.8
S. Maria dei Colli,69.6,65,58.7,64.7
S. Pantaleone (Cistercian),32.4,65,32.7,43.9
S. Micheletto (Clares),33.2,65,33.2,44.3
Marburghausen,19.3,65,23.5,36.6
Zimmern,15.7,75,21.0,38.0
Name unknown (Franciscan Tertiaries),16.5,65,21.5,35.0
Maihingen,18.5,65,21.0,35.5
Name unknown (Franciscans/Clares),31.7,65,32.2,43.5
S. Johanniszelle unter Wildberg,23.9,75,26.7,42.6
Dominikanerinnenkloster St. Agnes,15.3,65,20.7,34.3
Kreuztal,19.4,65,23.6,36.6
Heiningen,46.0,75,42.2,55.0
Neuwerk,21.6,75,25.1,41.3
WÃ¶ltingerode,34.8,65,34.3,45.2
Ebstorf Abbey,20.7,75,31.2,42.9
Lüneburg (St Bartholomä),20.1,75,24.1,40.5
Gernrode,36.6,75,35.6,49.7
S. Agostino in via Romea,3.9,45,26.1,24.9
S. Damiano (Pisa),26.2,65,28.3,40.4
S. Domenico,22.7,65,25.9,38.5
S. Silvestro,26.1,65,28.3,40.4
S. Paolo all’Orto (Dominican),31.0,45,31.7,36.1
S. Bartolomeo,19.8,65,23.8,36.8
S. Martiniano,39.2,65,37.4,47.7
Certosa di Parma,29.5,45,30.6,35.3
Ognissanti,18.0,45,22.6,28.8
Frauensee,19.0,65,23.3,36.4
San Salvatore and Giulia,59.2,65,51.4,58.9
Wechterswinkel,25.3,75,27.7,43.4
Wienhausen,45.2,75,35.0,52.6
Heiligenthal,19.3,65,23.5,36.6
"Pieve di San Pietro (Talignano, Collecchio, PR)",49.8,45,44.8,46.6
Hausen,22.7,65,25.9,38.5
S. Marien (S. Mary's),33.6,75,33.5,48.1
Gandersheim Abbey,53.9,75,47.7,59.4
Lammspringe,40.7,75,38.5,52.0
"Pieve di San Moderanno (Berceto, PR)",41.1,45,38.8,41.8
"Pieve di Sant’Apollinare (Coiano, Castelfiorentino, FI)",58.3,45,50.8,51.4
Frauenroth,17.2,65,22.0,35.4
"Abbazia di San Caprasio (Aulla, MS)",50.7,45,45.5,47.1
"Monastero di San Giovanni Evangelista (Pontremoli, MS)",34.9,65,34.4,45.3
Maidbronn,9.9,65,16.9,31.3
Derneburg,28.6,65,30.0,41.8
Braunschweig,17.5,65,22.2,35.5
Marienrode,38.3,65,36.8,47.2
Mariengarten,16.7,65,21.7,35.1
"Würzburg, Augustinian Canonesses",6.3,65,14.4,29.3
Aglaien-sisterhood (Beguine),10.6,75,17.4,35.2
Schwarzach,6.0,75,14.2,32.6
Charoltesbach,5.6,65,13.9,28.9
Thulba,22.4,65,25.7,38.3
S. Ulrich,13.1,65,19.2,33.1
S. Afra,36.9,75,35.8,49.9
Kärnach,0.7,75,10.5,29.6
Himmelspforten,32.2,75,32.5,47.3
Kaltenthal (Clares),15.7,75,21.0,38.0
S. Agnes,17.4,65,22.2,35.5
Wilberghaus,7.8,65,15.4,30.1
"Tänikon (Premonstratensian, Würzburg)",12.5,65,18.7,32.7
Heilig Kreuz (Augustinian),3.6,65,12.5,27.8
Convent of Mary Magdalene,12.9,65,19.0,33.0
S. Angelo in Cryptis Asculanis,37.1,65,36.0,46.5
Kloster Blaubeuren,20.3,65,24.2,37.1
Karlsburg,34.3,75,34.0,48.5
"Pieve di San Lorenzo (Filattiera, MS)",55.9,45,49.1,50.0
Frauenthal,45.8,65,42.0,51.4
Escherde,23.7,75,26.6,42.5
"Pieve di Santa Maria Assunta (Chianni, Gambassi Terme, FI)",58.4,45,50.9,51.5
SchÃ¶nau,21.1,75,24.8,41.1
S Eufemia (Albaretto),38.3,65,36.8,47.2
"Pieve di San Genesio (Isola, San Miniato, PI)",58.8,45,51.1,51.7
"Buxtehude, Altkloster",25.5,75,27.8,43.5
"Buxtehude, Neukloster",24.5,75,33.6,44.9
Lindau (Tertiaries),16.3,65,21.4,34.9
"Pieve di San Cristoforo (Galleno, Castelfranco di Sotto, PI)",58.9,45,51.2,51.7
Gimsøy Abbey,21.9,65,25.3,38.0
Eppenberg,11.6,65,18.1,32.2
Eldagsen,7.8,65,15.4,30.1
Kemnade,34.9,75,34.4,48.8
Wunstorf,37.0,45,35.9,39.5
S. Pietro a Silva Regia,0.7,45,10.5,19.1
"Abbazia di San Colombano (Bobbio, PC)",67.0,45,56.9,56.3
S. Magno ( Alà dei Sardi),40.0,65,38.0,48.2
Himmelpforten,31.4,65,32.0,43.3
Abbazia di Viboldone,22.2,45,25.5,31.2
Amorbach,40.4,75,38.3,51.9
Inzigkoven,25.2,75,27.6,43.4
Schmerlenbach,32.9,75,33.0,47.7
Santa Maria di Brera,22.1,45,25.5,31.1
"Beguine community, Hamburg",17.9,65,22.5,35.8
Biburg,8.6,65,16.0,30.6
FrauenwÃ¶rth,58.2,65,50.7,58.3
Falkenhagen,0.9,65,10.6,26.2
Herwardeshausen,16.0,65,21.2,34.7
Heggbach,32.2,65,32.5,43.8
Pielenhofen,31.8,75,32.2,47.0
Maria Medingen,16.6,65,21.6,35.0
Heiligen Kreuz (Dominican),32.1,65,32.5,43.7
Friedenweiler,24.2,65,26.9,39.3
Himmelthal,18.9,75,23.2,39.8
S. Maria Vecchia,40.1,65,38.1,48.2
Agata in Monte,62.5,65,53.7,60.7
S. Maria del Senatore,61.0,65,52.7,59.9
S. Marino e S. Leo (Benedictine),57.9,65,50.5,58.2
S. Dalmazzo (Pavia),18.4,45,22.9,29.1
Aschaffenburg (Beguines),29.1,65,30.4,42.1
"Klosterle (Clares, Germany)",3.2,75,12.2,31.0
Pfullingen,11.7,75,18.2,35.8
Walsrode,58.8,75,51.1,62.2
S. Serafia (Cistercian),34.7,45,34.3,38.2
Bredelar,1.5,65,11.0,26.6
S. Nazzaro dei Burgondi,34.8,65,34.3,45.2
Ritterhaus Bubikon,34.2,55,33.9,41.4
"Bassum (Syke, Germany)",53.7,75,47.6,59.3
Bergedorf,1.4,65,11.0,26.5
"S. Sebastiano, Pozzolo Formigaro",50.5,65,45.3,54.0
S. Sebastiano,31.4,65,32.0,43.3
Herford,45.5,75,41.8,54.7
Brenkhausen,32.0,65,32.4,43.7
Gokirch,32.8,65,32.9,44.1
S. Katharinental,36.0,75,35.2,49.4
Sackbrüder  Pforzheim,1.1,65,10.8,26.4
Rocca delle Donne,18.4,65,22.9,36.1
S. Marta extra muros,23.0,65,26.1,38.6
S. Pietro de Castelfaccio,9.0,65,16.3,30.8
Borgo Mortara,30.6,65,31.4,42.9
S. Agathe (Novara),15.1,65,20.6,34.2
S. Giovanni Battista nel Borgo di S. Luca (Novara),12.2,65,18.5,32.6
Neuenwalde,17.5,75,22.2,39.0
S. Pietro (Clares),40.2,65,38.1,48.2
Santa Maria de Campis,11.4,65,18.0,32.1
Terziarie di S. Francesco (Franciscan),33.3,45,33.3,37.4
Frauenalb,23.5,65,26.4,38.9
Gnadenthal,28.2,65,29.7,41.5
S. Pietro Martire,22.4,65,25.7,38.3
"S. Agata, Humiliati",25.1,65,27.6,39.8
"S. Clemente (Lenta, Piedmont)",47.7,65,43.4,52.5
S. Lorenzo e S. Maria della Valle (Incisa Scapacciato),32.7,65,32.9,44.1
Ramsen,6.8,65,14.7,29.5
Kirschgarten,11.4,65,18.0,32.1
Marienkrone,16.1,65,21.3,34.8
Galilaea,19.1,65,23.4,36.5
S. Maria di Banno,19.8,65,23.8,36.8
Lichtenthal,30.6,75,31.4,46.4
Herzebrock,53.1,75,47.2,59.0
S. Anastasio,44.7,65,41.3,50.8
S. Anna (Asti),68.2,65,57.7,63.9
S. Agnese,31.8,65,32.2,43.5
Domus Dei (Asti),36.7,75,35.7,49.8
S. Stefano (Cistercian),38.7,65,37.1,47.4
S. Maria delle Grazie (Benedictine),46.1,65,42.3,51.6
Alzey (Cistercian women),17.0,65,21.9,35.3
S. Pietro di Valle Rasina (Benedictine),51.7,65,46.2,54.7
"S. Agata, Cistercian",17.4,45,22.2,28.5
Malgarten,35.6,75,34.9,49.2
Boerstel,16.3,65,21.4,34.9
Bersenbrück,31.2,65,31.8,43.2
Liesborn,15.8,75,21.0,38.1
"S. Maria Maddalena, Dominican",3.6,65,12.5,27.8
Aulhausen,34.6,65,34.2,45.1
Rupertsberg,36.9,75,35.8,49.9
Disibodenberg,31.5,75,32.0,46.9
Eibingen,36.8,75,35.8,49.9
Adelhausen,35.0,75,34.5,48.8
GÃ¼ntersthal,32.8,65,32.9,44.1
Villingen,15.4,65,20.8,34.4
Drolshagen,32.0,65,32.4,43.7
S. Andrea,12.0,45,18.4,25.5
S. Maria della Casa di Dio (Cistercian),31.1,65,31.8,43.2
Kentrup,33.8,65,33.6,44.7
FrÃ¶ndenberg,32.7,65,32.9,44.1
Kloster St. Katharinental,35.1,45,34.6,38.4
Hohenburg,48.8,65,44.1,53.1
S. Maria di Caramagna,24.3,75,27.0,42.9
Santissima Trinità e S. Michele Arcangelo (Benedictine),42.3,65,39.6,49.4
S. Pietro Puellarm,32.8,65,32.9,44.1
Bocholt (black nuns),27.7,65,29.4,41.3
Geldern,28.2,65,29.7,41.5
Besselich,26.3,65,28.4,40.5
Jörresbusch,33.9,65,33.7,44.7
Kamp (Beguine),23.8,65,26.6,39.1
S. Arnolfo (Cuneo),31.6,65,32.1,43.4
S. Maria Annunziata,3.0,65,12.1,27.4
Meerhusen,17.5,65,22.2,35.5
Gevelsberg,32.8,75,32.9,47.6
Hüls,19.9,65,23.9,36.9
S. Maria de Montalegre,22.1,65,25.5,38.1
Münchenbuchsee Commandery,19.6,55,23.7,33.2
Jemgum,16.6,65,21.6,35.0
Unterlinden,31.3,75,31.9,46.8
S. Antonio,38.2,65,36.7,47.1
S. Maria (Benedictine),33.1,75,29.8,46.8
Gravenhorst,31.1,65,31.8,43.2
Agnetenberg,19.9,65,23.9,36.9
Marienborn,32.2,65,32.5,43.8
Marienbrunn,32.6,65,32.8,44.0
Dietkirchen Monastery,31.1,75,31.8,46.7
Vilich,46.3,75,42.4,55.2
Vreden,54.7,75,48.3,59.9
Kettwig,16.6,65,21.6,35.0
Meschede,25.3,75,27.7,43.4
Convent of the White Women of the Penitential Order of Mary Magdalene,16.9,75,21.8,38.7
Bottenbroich,12.2,65,18.5,32.6
S. Maximin,34.7,75,34.3,48.7
Hahn Beguinage (Cologne),28.0,65,29.6,41.4
Klappel Beguinage (Cologne),26.8,65,28.7,40.7
Korduan Beguinage (Cologne),28.1,65,29.7,41.5
Béguines of St Eve (Cologne),28.6,65,30.0,41.8
Seelenkonvent (Beguine),32.2,75,32.5,47.3
Stern (Beguine),27.6,75,29.3,44.7
Strune (Beguine),29.2,65,30.4,42.1
Vorteleve (Beguine),29.9,65,30.9,42.5
Wyse (Beguine),28.3,65,29.8,41.6
Zelle in der Komödienstraße (Beguine house),29.4,65,30.6,42.2
St. Mary Magdalene of Repentance,19.7,65,23.8,36.8
S. Caecilia,62.1,65,53.5,60.5
St. Agatha (Kloster St. Agatha),27.5,65,29.2,41.1
Essen,53.7,75,47.6,59.3
S. Maria im Kapitol,62.7,75,53.9,64.4
Mechtern,29.5,75,30.6,45.8
Sion,33.0,75,33.1,47.7
Eppinghoven,33.5,65,33.4,44.5
St. Gertrude (Dominican),30.7,65,31.5,42.9
Zum Weiher,34.0,75,33.8,48.3
Gerresheim Abbey,52.7,65,46.9,55.3
S. Hoilde,31.6,65,32.1,43.4
Grossburlo,1.4,65,11.0,26.5
Chartreuse de la Celle-Roubaud,29.8,65,30.8,42.4
Blatzheim,16.9,65,21.8,35.2
Pfalzel,17.8,65,22.4,35.7
"Ären Abbey (Trier, Germany)",64.9,65,55.4,62.1
S. Anne,32.1,65,32.5,43.7
S. Thomas,35.5,45,34.8,38.6
St Catherine (Cistercian),33.4,65,33.4,44.5
Chartreuse de Mélan,28.7,65,30.1,41.8
Bedburg,33.9,45,33.7,37.7
Abbaye du Petit-Lieu,21.8,75,25.2,41.4
Kempen,21.4,65,25.0,37.7
Marienfloss,8.9,65,16.2,30.7
Notre-Dame-la-Royale,31.2,65,31.8,43.2
Soleimont,44.4,45,41.1,43.6
Lamme-van-Dieze (Beguines),15.7,65,21.0,34.5
"Le Betton (Betton-Bettonet, Savoie)",36.8,65,35.8,46.4
Metz (S. Glossinde),63.6,65,54.5,61.4
"Metz ""Clairvaux""",37.0,65,35.9,46.5
Sorps,10.2,65,17.1,31.4
Asperden,31.1,65,31.8,43.2
Compesières Commandry,34.4,55,34.1,41.5
Clairefontaine,30.9,65,31.6,43.0
"Gare Abbey (Gare, Luxembourg)",37.3,75,36.1,50.1
Annecy,34.6,65,34.2,45.1
Lamanarre Abbey (Hyères),32.1,65,32.5,43.7
Aachen-Burtscheid,32.8,65,32.9,44.1
Hähnsscheid,13.1,45,19.2,26.1
Gotteszell,18.2,75,22.7,39.4
Burtscheid,33.0,65,33.1,44.2
Droiteval Abbey,37.3,65,36.1,46.6
"Le Lieu-Notre-Dame (Tallenay, Doubs)",30.4,65,31.3,42.8
Montarlot,29.4,65,30.6,42.2
Abbaye des dames de Battant (Besançon),31.7,65,32.2,43.5
Bonlieu (Sallenôves),35.5,65,34.8,45.6
Munster-Klooster,32.2,45,32.5,36.8
Chartreuse Notre-Dame de Bertaud,33.9,45,33.7,37.7
Bronopia,6.6,65,14.6,29.4
"Le Lieu-Dieu (Marey, Vosges)",34.3,65,34.0,45.0
"Les Ayes (Crolles, Isère)",36.5,65,35.5,46.2
Grande Chartreuse,53.0,45,47.1,48.4
Chartreuse de Prémol,31.4,45,32.0,36.3
Orienten,31.7,65,32.2,43.5
Solieres,32.0,65,32.4,43.7
le Jardinet,11.7,45,18.2,25.3
Thure,31.1,65,31.8,43.2
Moulins,10.1,65,17.1,31.4
Rivreulle,37.8,65,36.4,46.9
Maastricht,11.2,45,17.8,25.0
Bons-en-Bugey,35.7,65,35.0,45.7
Ounans,36.2,65,35.3,46.0
Hoydonck,36.8,45,35.8,39.4
"Binderen (Helmond, Netherlands)",19.6,45,23.7,29.7
Belian,31.1,65,31.8,43.2
Abbaye Notre-Dame et Saint-Norbert de Floreffe,8.3,65,15.8,30.4
"Beaufays (Val-de-Meuse, Belgium)",37.7,45,36.4,39.9
Gémenos Abbey,32.9,65,33.0,44.2
l'Etanche-sur-Saulx,36.1,65,35.3,46.0
Abbaye notre dame de l'olive,32.6,65,32.8,44.0
Mons (S. Waudru),62.9,45,54.0,54.0
Epinlieu,32.7,65,32.9,44.1
Belmont-aux-Nonnains,36.6,65,35.6,46.2
Herlaimont,7.6,65,15.3,30.0
Moustier-sur-Sambre,7.8,65,15.4,30.1
Mont de Parménie,35.6,45,34.9,38.7
Megemont,29.0,65,30.3,42.0
Abbaye de Bonnecombe,36.0,45,35.2,38.9
Collonges Abbey,33.2,65,33.2,44.3
Beguines,9.2,65,16.4,30.9
Marseille (S. Sauveur),27.4,45,29.2,34.1
"Marseille, Mont-Sion Abbey (Bouches-du-Rhône)",30.8,65,31.6,43.0
"Marseille, Nazareth Friary (Bouches-du-Rhône)",30.2,45,31.1,35.6
Fort Saint-Jean,36.0,55,35.2,42.4
Benoitvaux,33.2,65,33.2,44.3
Abbaye de Pont-Ratier,32.8,65,32.9,44.1
Salzinnes,33.5,45,33.4,37.5
Chartreuse de la Salette,27.6,45,29.3,34.2
Poulangy,55.7,65,49.0,56.9
Nonneseter kloster,20.1,65,24.1,37.0
"Laval-Bénite (Saint-Pierre-de-Bœuf, Loire)",35.2,65,34.6,45.4
Coulonges Abbey,36.6,65,35.6,46.2
Bliez,36.8,45,35.8,39.4
Tart l'Abbaye,37.4,75,36.2,50.2
Marche-les-Dames,31.6,65,32.1,43.4
Abbaye Notre-Dame de Saint-Rémy de Rochefort,31.9,65,32.3,43.6
Andenne,10.7,45,17.5,24.7
S. Quirin-a-Huy,28.8,45,30.2,34.9
Huy,19.6,45,23.7,29.7
S. Victor-a-Huy,36.8,65,35.8,46.4
la Paix-Dieu,31.3,65,31.9,43.3
Vauxbons,34.3,65,34.0,45.0
Wanze,32.6,65,32.8,44.0
"Argenton (Gembloux, Belgium)",31.6,45,32.1,36.4
Boneffe,10.4,65,17.3,31.6
Corcelles Abbey,34.7,75,34.3,48.7
Nivelles-en-Brabant,64.8,65,55.4,62.0
Moleze,33.8,65,33.6,44.7
Val-Benoit,31.8,65,32.2,43.5
Pres-Porchins,94.0,45,75.8,71.4
Seumay,9.5,65,16.6,31.1
Ath/Aat (Belgium),31.6,65,32.1,43.4
Verofle,7.6,65,15.3,30.0
Abbaye Notre-Dame de Mollégès,32.8,75,32.9,47.6
S. Dizier,31.7,65,32.2,43.5
Robermont,33.8,65,33.6,44.7
Keizersbosch,37.3,65,36.1,46.6
Ghislenghien,37.7,45,36.4,39.9
Lens-S. Remy,25.1,45,27.6,32.8
Aywieres,33.8,45,33.6,37.7
Prieuré de l'Ermite,22.3,65,25.6,38.2
Bonlieu-sur-Rouge,34.8,65,34.3,45.2
Bouchet,34.9,45,34.4,38.3
Orp,6.0,45,14.2,22.1
Wauthier-Braine,32.0,65,32.4,43.7
Vivegnis,37.9,65,36.5,47.0
Abbaye de la Ramée,33.0,65,33.1,44.2
Florival,33.0,65,33.1,44.2
Abbaye Notre-Dame de Soyons,34.4,65,34.1,45.0
Brienne,27.2,45,29.0,34.0
la Deserte Convent (Lyon),27.3,65,29.1,41.0
Maagdendale,31.8,65,32.2,43.5
Sinnich,31.2,65,31.8,43.2
Vallis Coeli,33.8,65,33.6,44.7
Messines,41.7,65,39.2,49.1
Abbaye de Vernaison,35.5,65,34.8,45.6
Orange (S. Pierre),19.5,45,23.6,29.7
Avignon (S. Catherine),30.2,65,31.1,42.6
S. Catherindaal,20.2,45,24.1,30.0
Crecy,9.1,65,16.4,30.9
Petit-Bigard,31.6,55,32.1,39.9
"Les Rosiers (Séchault, Ardennes)",30.9,65,31.6,43.0
Val-Duchesse,24.1,65,26.9,39.3
Notre-Dame-du-Plan,33.2,65,33.2,44.3
Mont-Sainte-Catherine,30.7,65,31.5,42.9
Val-Ste-Agnes,21.5,65,25.0,37.8
Abbaye de Sainte-Barbe-en-Auge,23.0,45,26.1,31.6
Val-Virginal,32.8,45,32.9,37.1
Mont-D'Or,32.8,45,32.9,37.1
Mielen,36.0,65,35.2,45.9
Ter Beeck,31.5,65,32.0,43.4
Val des Vignes,31.5,65,32.0,43.4
Tarascon,24.3,65,27.0,39.4
Salles-en-Beaujolais,27.5,45,29.2,34.1
Arles,8.4,65,15.9,30.5
Albaron,31.1,45,31.8,36.2
Arles (S. Cesaire),71.9,65,60.3,66.0
Vitry-en-Perthois,31.2,45,31.8,36.2
"Les Mazures (Renwez, Ardennes)",29.0,65,30.3,42.0
Notre-Dame-aux-Bois,32.8,65,32.9,44.1
Groeningen,19.6,65,23.7,36.7
Reconfort,31.2,65,31.8,43.2
Leau,17.6,45,22.3,28.6
Ninove,9.1,65,16.4,30.9
Jericho Brussels,21.4,65,25.0,37.7
Mont-Sion,20.5,65,24.3,37.2
Brussells (S. Catherine),31.7,65,32.2,43.5
la Cambre,33.5,45,33.4,37.5
Petegem,37.1,65,36.0,46.5
Valsauve,32.2,65,32.5,43.8
Park Abbey,50.5,65,45.3,54.0
Munsterbilzen Belisia,8.4,65,15.9,30.5
Abbaye de Mercoire,32.8,75,32.9,47.6
Grand-Bigard,38.4,45,36.9,40.3
Louvain,31.6,45,32.1,36.4
Clavas,31.9,65,32.3,43.6
Valduc,31.9,65,32.3,43.6
Parc-les-Dames,32.8,65,32.9,44.1
Abdij van Postel,9.2,65,16.4,30.9
Abbaye de Cortenbergh,39.0,65,37.3,47.6
Hocht,32.6,65,32.8,44.0
Herkenrode,34.6,65,34.2,45.1
Gempe,32.5,65,32.7,43.9
Alost,39.4,65,37.6,47.8
Ten Roosen,32.0,55,32.4,40.2
Abdij van Rotem,31.4,75,32.0,46.8
Merkem,36.6,45,35.6,39.2
Nieuwenrode,9.6,65,16.7,31.1
Deinze Ste-Margeurite,19.6,65,23.7,36.7
Mont-St-Nicolas,20.1,45,24.1,30.0
Autun Saint-Andoche,52.5,65,46.7,55.1
Jully-les-Nonains Abbey,38.1,65,36.7,47.1
la Piete-Dieu,11.8,65,18.2,32.3
Val-Notre-Dame,21.3,65,24.9,37.7
Val-Saint-Bernard,31.6,45,32.1,36.4
Seauve-Benite,37.3,65,36.1,46.6
Rekem,37.9,65,36.5,47.0
Notre-Dame der Elze,6.6,65,14.6,29.4
S. Aubin,33.2,65,33.2,44.3
Bellecombe,37.1,65,36.0,46.5
Tusschenbeek,36.6,65,35.6,46.2
Aubeterre (France),46.2,65,42.3,51.6
Mont-Thabor,19.0,65,23.3,36.4
"Blijdenberg (Mechelen, Belgium)",30.6,65,31.4,42.9
Muizen,23.4,65,26.4,38.9
Charite-les-Lezinnes,13.9,65,19.7,33.5
Hombeek,31.7,65,32.2,43.5
Ales,33.3,65,33.3,44.4
Marcigny Abbey (Saône-et-Loire),41.4,65,39.0,48.9
Hemelsdale,31.5,45,32.0,36.4
Zwijveke,32.3,65,32.6,43.8
Maubeuge,63.6,65,54.5,61.4
Galilee,20.4,45,24.3,30.2
Doue,3.4,65,12.4,27.7
Ghent St-Agnes,20.3,65,24.2,37.1
"Marcilly Abbey (Provency, Yonne)",31.0,65,31.7,43.1
Ghent Ste-Barbe,20.9,45,24.6,30.4
Byloque,32.7,65,32.9,44.1
Ter Hagen,19.2,45,23.4,29.5
Ghent (Franciscan),28.7,45,30.1,34.8
"Le Jardin-Notre-Dame (Pleurs, Vosges)",31.6,65,32.1,43.4
Prieuré de Groenendael,24.0,45,26.8,32.2
Ormont,31.3,65,31.9,43.3
Vignoguol,30.7,65,31.5,42.9
Roosendael Abbey,32.1,75,32.5,47.2
Vredendaal,7.6,65,15.3,30.0
"Béthanie (Veurne, Belgium) – Canonesses",21.1,65,24.8,37.6
"Béthanie (Veurne, Belgium) – Canons",30.6,45,31.4,35.9
Hof ten Vrouwen,37.3,65,36.1,46.6
Sint-Agnesklooster,20.6,65,24.4,37.3
Alden-Eyck,13.2,45,19.2,26.1
Oeteren,32.0,65,32.4,43.7
Amour Dieu (l'),31.5,65,32.0,43.4
Doornzele Abbey,32.0,65,32.4,43.7
Dorisel,32.0,65,32.4,43.7
Quesnoy,31.3,65,31.9,43.3
"Le Savoir-sous-Laon (Laon, Aisne)",31.6,65,32.1,43.4
Montreuil-les-Dames,36.8,65,35.8,46.4
Netlieu,11.6,65,18.1,32.2
la Grâce Abbey (Montmirail),31.9,65,32.3,43.6
Waasmunster,31.5,65,32.0,43.4
Abbaye Saint-Jean-Baptiste de Valenciennes,63.8,45,54.6,54.5
Notre-Dame-de-Nazareth,31.9,65,32.3,43.6
Fontenelles Abbey,32.3,65,32.6,43.8
Belleau,30.8,65,31.6,43.0
Fervacques Abbey,36.6,65,35.6,46.2
Denain,7.6,65,15.3,30.0
Notre-Dame de Jerusalem,17.8,65,22.4,35.7
Hasnon,11.8,65,18.2,32.3
Hamage-les-Marchiennes,8.5,45,15.9,23.5
Mont-Notre-Dame-les-Provins,31.2,65,31.8,43.2
Ghistelles/Gistel,39.2,45,37.4,40.7
Marchiennes,21.6,45,25.1,30.8
"Beaurepaire (Somain, Nord, France)",34.2,65,33.9,44.9
Herentals,21.8,65,25.2,37.9
Premy,34.0,45,33.8,37.8
Stocquoy,9.5,65,16.6,31.1
Eewen,9.5,65,16.6,31.1
Odeghem,38.7,45,37.1,40.4
Spermalie,33.6,45,33.5,37.6
Rouez,4.3,65,13.0,28.2
Cour-Notre-Dame-les-Gouvernay,31.8,65,32.2,43.5
Minderbroeders,43.1,45,40.2,42.9
Flines-l’Abbaye,31.3,65,31.9,43.3
Blesle,51.0,65,45.7,54.3
"S. Maria Magdalena (Barcelona, Spain)",26.0,65,28.2,40.3
"Beaupré (Beaumont-en-Bière, France)",31.6,65,32.1,43.4
Jouarre Abbey,65.3,75,55.7,65.8
"Le Verger (Oisy-le-Verger, Pas-de-Calais)",31.8,65,32.2,43.5
Beaulieu-les-Sin-le-Noble,31.8,65,32.2,43.5
Clermont,41.9,45,39.3,42.2
Douai Abbey,32.3,65,32.6,43.8
Notre-Dame-des-Pres,31.5,65,32.0,43.4
Fatres et sorores de sacco,0.5,65,10.3,26.0
Chamalieres,52.6,45,46.8,48.2
Marquette-lez-Lille Abbey (Nord),31.7,65,32.2,43.5
Monastère de Royat,13.2,45,19.2,26.1
Nonenque,37.1,65,36.0,46.5
"La Merced (Barcelona, Spain)",32.9,75,33.0,47.7
la Joie-Ste Clare (Berneuil-sur-Aisne),30.9,65,31.6,43.0
Antwerp (Soeurs Blanches),17.8,75,22.4,39.2
Antwerp,29.1,65,30.4,42.1
Rozoy-le-Jeune,38.5,65,36.9,47.3
Gerigny Priory,37.6,65,36.3,46.8
Notre-Dames-des-Fonts,37.2,65,36.0,46.6
Fonts-les-Alais Abbey,33.1,65,33.2,44.3
Abbaye-aux-Bois,33.1,65,33.2,44.3
Biaches,31.2,65,31.8,43.2
Couvent des Falcontines (Mariëndal),24.9,65,27.4,39.7
Monchy-le-Perreux,31.1,65,31.8,43.2
"Brayelle-les-Annay, la",33.5,65,33.4,44.5
"Le Vivier (Wancourt, Pas-de-Calais)",31.6,65,32.1,43.4
Peyreux,30.2,65,31.1,42.6
Pont-aux-Dames,31.7,65,32.2,43.5
Facons,19.7,65,23.8,36.8
Avesnes-les-Bapaume,37.3,45,36.1,39.6
S. Pere de les Puelles,54.1,75,52.3,60.9
"Les Ollieux (Montséret, Aude)",33.2,65,33.2,44.3
"Le Parc-aux-Dames (Auger-Saint-Vincent, Oise)",32.9,65,33.0,44.2
Abbey of l’Êule (Le Soler),34.7,75,34.3,48.7
Arras,1.6,45,11.1,19.6
"S. Maria de Valldonzella (Barcelona, Spain)",33.7,75,33.6,48.1
Abbaye Notre-Dame de Beaupré-sur-la-Lys,33.0,65,33.1,44.2
Abbaye des Dames d'Étrun,39.8,75,37.8,51.5
la Joie Abbey (St-Pierre-les-Nemours),31.5,65,32.0,43.4
l’Escalche Abbey (Prondines),35.5,65,34.8,45.6
Brasschaat,17.6,65,22.3,35.6
Oost-Eeklo,32.0,65,32.4,43.7
"Bethléem (Damme, Belgium)",31.8,65,32.2,43.5
Notre Dame du Lys,30.7,65,31.5,42.9
Charenton,27.7,65,29.4,41.3
"Le Lys (Dammarie-lès-Lys, Seine-et-Marne)",30.7,65,31.5,42.9
"Macquincourt Priory (Gouy-en-Artois, Pas-de-Calais)",37.1,65,36.0,46.5
Chartreuse de Gosnay,25.9,65,28.1,40.2
Boulancourt,36.0,65,35.2,45.9
Bussieres,35.5,65,34.8,45.6
Monestir de Pedralbes,39.3,75,37.5,51.3
Paraclet-des-Champs,32.1,65,32.5,43.7
Woestine,32.2,65,32.5,43.8
S. Maties de Barcelona,23.0,65,26.1,38.6
Montmartre Abbey,36.9,65,35.8,46.4
"Clairets, les",33.0,65,33.1,44.2
Paris (S. Antoine-des-Champs),33.6,75,33.5,48.1
Prieuré hospitalier du Temple,35.9,55,35.1,42.3
Villiers-aux-Nonnains,32.1,65,32.5,43.7
"Sorores del Saco, Santa Maria del Mar",0.8,65,10.5,26.2
Clairmarais,32.0,65,32.4,43.7
Amiens,18.3,45,22.8,29.0
"S. Feliu de Cadins (Cadins, Spain)",37.7,65,36.4,46.9
Beauvoir,31.3,65,31.9,43.3
Blandeques,34.2,65,33.9,44.9
Argenteuil,26.4,65,28.5,40.5
S. Maria de Valldaura,25.6,75,27.9,43.6
Abbaye de Ravensberghe,33.3,65,33.3,44.4
Bourbourg,38.7,65,37.1,47.4
S. Joan,4.8,45,13.3,21.4
Valldaura de Manresa,4.0,65,12.8,28.0
S. Llucia de Rajadell,12.5,45,18.7,25.7
"S. Maria del Camp (Veciana, Spain)",34.2,65,33.9,44.9
Mare de Déu de la Serra,41.0,65,38.7,48.7
S. Maria de Bovera,2.3,75,11.6,30.5
S. Maria de Vallsanta,19.8,65,23.8,36.8
S. Maria del Pedregal,24.1,75,26.9,42.8
S. Maria de Vallbona,47.8,75,43.4,56.0
Bonham,31.9,65,32.3,43.6
Maubisson,30.9,65,31.6,43.0
la Salvetat-de-Montdragon (Cluniac),29.8,45,30.8,35.4
Auchy,10.1,75,17.1,34.9
Willencourt,33.3,65,33.3,44.4
Beauvais,32.2,45,32.5,36.8
Prouille,32.9,65,33.0,44.2
Beaumont-les-Nonnains,0.1,45,10.1,18.8
"Lissac  (Lissac-et-Mouret, Lot)",28.4,65,29.9,41.7
S. Maria de Montsant,0.2,65,10.1,25.8
Mirepoix,25.9,65,28.1,40.2
"Beaulieu (Mirepoix, Ariège, France)",27.7,65,29.4,41.3
Épagne-Épagnette Abbey,34.4,65,34.1,45.0
Guînes Abbey,38.2,65,36.7,47.1
Bouhan,9.6,65,16.7,31.1
Bonrepos,13.6,75,19.5,36.9
Pigiers,34.9,65,34.4,45.3
Gomerfontaine Abbey,32.8,65,32.9,44.1
S. Maria de les Franqueses,14.9,45,20.4,27.1
Costejean Abbey,32.1,45,32.5,36.7
Abbaye de Voisins,32.5,65,32.7,43.9
S. Maria de Lleida,28.9,65,30.2,41.9
Coyroux Abbey,36.5,65,35.5,46.2
Derses Abbey,32.2,45,32.5,36.8
"Le Trésor (Bus-Saint-Rémy, Somme)",31.6,65,32.1,43.4
Sarrazac,3.3,65,12.3,27.6
Valnegre,32.9,75,33.0,47.7
Eccles,25.5,45,27.8,33.0
Brive-la-Gaillarde,41.0,45,38.7,41.7
"Bival (Nesle-Hodeng, France)",37.3,65,36.1,46.6
S. Hilari de Lleida,38.6,75,37.0,50.9
Chartres,31.7,65,32.2,43.5
Abbaye Notre-Dame de Landais,0.7,65,10.5,26.1
Toulouse (S. Sernin),27.6,45,29.3,34.2
Chartreuse de Toulouse,38.0,45,36.6,40.0
"Leyme (Cahors, Lot)",32.4,65,32.7,43.9
les Andelys,21.0,65,24.7,37.5
"Marenz Abbey (Carla-Bayle, Ariège)",35.0,65,34.5,45.4
Fontaine-Guérard Abbey,33.3,65,33.3,44.4
Oraison-Dieu,35.1,65,34.6,45.4
Minster in Thanet,19.2,65,23.4,36.5
Crabhouse,20.0,65,24.0,37.0
Elmham,5.6,65,13.9,28.9
Hospital of S. Paul,24.3,75,27.0,42.9
Carrow,22.5,65,37.4,41.8
Blackborough,21.8,65,25.2,37.9
Thetford,20.9,65,24.6,37.4
Marham,16.1,65,21.3,34.8
Shouldham Priory,19.2,65,27.6,37.8
Sorores poenitentiae Norwici,0.4,65,10.3,26.0
Norwich “Penitent Sisters”,0.4,65,10.3,26.0
Norwich,1.0,45,10.7,19.3
Knights Hospitaller at Carbrooke,2.2,75,11.5,30.5
Abbaye de Saint-Saëns,35.1,65,34.6,45.4
Limoges Abbey (Haute-Vienne),54.8,65,48.3,56.4
Real Monasterio de Santa María de Sigena,47.4,75,43.2,55.8
le Puy-St-Jean,4.5,65,13.1,28.3
Château de Condat,36.0,55,35.2,42.4
S. Magdalena de Montbenet,6.9,65,14.8,29.6
Manuel,24.5,45,27.1,32.5
Campsey,19.2,65,23.4,36.5
Flixton,15.6,75,20.9,38.0
S. Saviour,6.9,75,14.8,33.1
Bungay,19.8,75,23.8,40.3
Redlingfield,23.4,75,26.4,42.4
Évreux Abbey,41.1,65,38.8,48.8
S. Maria d'Eula,22.1,65,25.5,38.1
Castle of La Muela,43.9,55,40.7,46.8
Lyminge,18.6,65,23.0,36.2
Canterbury,5.6,65,13.9,28.9
S. Sexburga,22.3,65,25.6,38.2
Goujon Abbey (Auradé),36.9,65,35.8,46.4
Bondeville,36.0,65,35.2,45.9
Monce,32.5,65,32.7,43.9
Dereham,12.6,65,18.8,32.8
Fabas Abbey,36.0,75,35.2,49.4
la Virginité Abbey (Les Roches-l’Évêque),32.1,65,32.5,43.7
"Las Huelgas (Burgos, Spain)",47.2,65,43.0,52.2
Real Monasterio de Santa Clara de Carrión de los Condes,32.4,75,32.7,47.4
Rieunette,35.3,65,34.7,45.5
"Aubepierre (Rochechouart, France)",29.1,45,30.4,35.1
El Real Monasterio de Santa Clara de Tordesillas,37.3,65,36.1,46.6
Beaumont-les-Tours,3.8,75,12.6,31.4
Salenques,24.6,65,27.2,39.5
S. Pedro de las DueÃ±as,42.8,65,39.9,49.7
S Magdalena (Cáceres),41.5,75,39.0,52.5
"Les Préaux (Les Préaux, Eure)",42.2,65,39.5,49.4
West Peckham Preceptory,6.4,55,14.5,25.8
Poitiers (S. Croix),69.4,65,58.6,64.6
Poitiers (S. Trinite),46.2,45,42.3,44.6
Ely,11.1,65,17.8,32.0
S. Radegund,20.4,65,24.3,37.2
Swaffham Bulbeck,21.7,75,23.1,40.8
Chatteris,29.9,65,30.9,42.5
Waterbeach,3.2,75,12.2,31.0
"St John's Jerusalem, Sutton-at-Hone",10.6,55,17.4,28.2
Almeneches,16.9,65,21.8,35.2
Étival-en-Charnie Abbey,38.4,65,36.9,47.3
Barking,49.2,65,44.4,53.3
Ghazali,33.5,45,33.4,37.5
Elsing Spital,11.5,65,18.0,32.2
Clerkenwell,22.4,65,25.7,38.3
Iona,19.1,65,23.4,36.5
Wix,22.6,65,25.8,38.4
Castle Hedingham,19.4,65,23.6,36.6
Kilburn,22.8,65,25.9,38.5
Llanllugan,20.6,75,24.4,40.8
Stratford at Bow,26.4,65,28.5,40.5
Haliwell,23.2,65,26.2,38.7
Cell Faindche,37.5,65,36.2,46.7
Enach Árd,30.9,65,31.6,43.0
The Minories,13.8,75,19.6,37.0
London (Aldersgate),1.0,45,10.7,19.3
Clerkenwell Priory in London,24.6,55,27.2,36.0
Eltisley,16.1,65,21.3,34.8
Peykirk,17.0,65,21.9,35.3
Sixhills Double Monastery,21.9,65,25.3,38.0
Stixwould,22.7,65,25.9,38.5
Villers-Canivet,37.3,65,36.1,46.6
Horton,2.8,65,11.9,27.3
Fronsac Priory,38.8,45,37.1,40.5
Notre-Dame de la Presentation,17.0,65,21.9,35.3
Deir el-Sur Island (south-central 3rd Cataract),16.9,45,21.8,28.2
S. John of Beverly,42.2,65,39.5,49.4
Soba East – royal capital of Alwa,5.6,45,13.9,21.9
"Le Perray-aux-Nonains (Écouflant, Maine-et-Loire)",30.6,65,31.4,42.9
Harrold,22.5,65,25.7,38.3
Burnham,15.3,65,23.5,35.2
Ankerwyke,21.1,65,24.8,37.6
Langley,21.5,65,26.8,38.3
Stainfield,20.7,65,24.5,37.3
Stamford,21.5,75,22.8,40.6
Markyate,22.6,65,25.8,38.4
Sopwell,33.6,75,33.5,48.1
Westwood,21.5,75,24.4,41.1
Catesby,20.3,65,27.4,38.1
Gokewell,21.7,65,25.2,37.9
Greenfield,21.5,65,25.0,37.8
Legbourne,21.7,65,25.2,37.9
Sewardsley,21.5,65,25.0,37.8
Fosse,19.1,65,23.4,36.5
Heynings,20.2,65,24.1,37.0
Nuncotham,22.0,65,25.4,38.1
St. Mary de la Pré Abbey,22.2,65,25.5,38.2
Alvingham priory,21.9,65,25.3,38.0
Bullington Double Monastery,21.9,65,25.3,38.0
Catley Double Monastery,21.9,55,25.3,34.5
Haverholme Double Monastery,22.4,65,25.7,38.3
North Ormsby Double Monastery,21.9,65,25.3,38.0
Sempringham,22.9,65,16.0,35.6
Hospital of St James of Arundel,14.8,65,20.3,34.0
Bordeaux,5.6,45,13.9,21.9
Saintes (Notre-Dame),41.8,65,39.2,49.1
Orthez,25.9,65,28.1,40.2
"Monastery of the Holy Saviour,",39.4,45,37.6,40.8
Sompting Hospital,3.5,65,12.4,27.7
Easebourne,16.1,75,21.3,38.3
Lyminster,18.7,75,26.4,40.7
"S. Mary, Chichester",12.0,75,18.4,36.0
Nyoiseau,38.4,65,36.9,47.3
"Les Blanches (Mortain, Manche)",38.6,65,37.0,47.4
Reading,5.4,65,13.8,28.8
Arden,19.6,45,23.7,29.7
Nunmonkton,22.6,65,25.8,38.4
Seton,19.5,65,23.6,36.7
Baysdale,21.0,65,24.7,37.5
Keldholme,24.5,65,27.1,39.5
Rosedale,22.8,65,25.9,38.5
Sinningthwaite,21.4,65,28.2,38.7
Ellerton,19.6,65,23.7,36.7
Esholt,20.6,65,24.4,37.3
Hampole,21.5,65,25.0,37.8
Handale,22.8,65,25.9,38.5
Kirklees,24.7,65,27.3,39.6
Nunappleton,22.0,65,25.4,38.1
Swine,22.7,65,25.9,38.5
Wykeham,21.7,65,25.2,37.9
Arthington,21.7,65,25.2,37.9
Watton Double Monastery,21.9,65,28.6,39.0
Hartlepool,10.7,65,17.5,31.7
"S. John the Baptist, Oxford",6.8,75,31.4,38.0
Littlemore,20.9,65,24.6,37.4
Godstow,22.8,75,31.5,43.7
Abingdon,0.3,65,10.2,25.9
Winchester,32.2,65,32.5,43.8
Romsey,32.2,65,32.5,43.8
S. Mary Magdalene,20.5,75,24.3,40.7
Wherwell,31.1,65,31.8,43.2
Wintney,21.5,65,25.0,37.8
Lillechurch,21.0,75,24.6,41.0
S. Bernard-les-Bayonne,29.8,45,30.8,35.4
Brewood White Ladies,24.6,65,27.2,39.5
Farewell,21.8,65,23.9,37.6
Nuneaton,22.0,75,25.4,41.6
Polesworth,39.4,65,37.6,47.8
Pinley,22.5,75,25.7,41.8
Repton,9.9,65,16.9,31.3
Durham,2.6,65,11.8,27.2
Newcastle,25.5,65,27.8,40.0
Coldingham Monastery,20.2,65,24.1,37.0
Guizance,9.3,65,16.5,31.0
Clanfield,2.2,75,11.5,30.5
Rennes (S. Georges),42.7,65,39.9,49.7
Tamworth,3.7,65,12.6,27.8
Lacock,17.4,75,22.2,39.0
"Amesbury, Double Monastery",23.7,75,26.6,42.5
Tarrant,19.3,75,23.5,40.1
Shaftesbury,36.6,65,35.6,46.2
Wilton,39.9,75,49.6,55.1
Wimborne Double Monastery,9.6,75,16.7,34.6
Wimborne hospital,18.6,65,23.0,36.2
Berwick,13.3,65,19.3,33.2
Wareham (female),11.4,65,18.0,32.1
Kington S. Michael,21.4,65,25.0,37.7
Coldstream,25.6,65,27.9,40.1
Worcester,3.2,65,12.2,27.5
Boxwell,0.0,65,10.0,25.8
Wenlock,21.1,65,24.8,37.6
Abbotsbury (needs verification),28.9,65,30.2,41.9
S. John the Baptist,19.3,65,23.5,36.6
Barrow Gurney,18.9,75,23.2,39.8
Aconbury,19.1,65,33.8,39.6
North Berwick,24.6,65,27.2,39.5
Zandvliet,37.9,65,36.5,47.0
Haddington,26.0,65,28.2,40.3
"S. John the Baptist, Chester",25.5,75,27.8,43.5
S. Mary's Chester,22.4,75,25.7,41.8
Usk,22.5,75,25.7,41.8
Carlisle,6.4,65,14.5,29.3
Llansantffraid nuns,18.9,65,23.2,36.3
Oxenford,5.9,65,14.1,29.0
Port-Royal,33.0,65,33.1,44.2
S. Zacharie,29.4,45,30.6,35.2
Abbaye de La Vassin,33.5,65,33.4,44.5
la Joie-Notre-Dame (Hennebont),30.3,65,31.2,42.7
Elcho,20.7,65,24.5,37.3
Canonsleigh,14.4,65,20.1,33.8
"Deir el-Tila (Tila Island, 4th Cataract)",22.5,45,25.7,31.3
"Torphichen Preceptory, Scotland",49.8,55,44.8,50.1
"Ghazālī – Wādī Abū Dom, Bayuda Desert",33.8,45,33.6,37.7
Serra East (Dayr Mar Girgis),28.1,45,29.7,34.5
Buckland,20.2,65,24.1,37.0
S. Evoca,12.5,65,18.7,32.7
Douglas,17.6,65,22.3,35.6
Debeira West Dayr al-Banāt,28.1,65,29.7,41.5
LlanllÅ·r,20.0,65,22.6,36.5
Downpatrick,17.6,65,22.3,35.6
Ard Trea,23.1,65,26.2,38.7
Cluain Moccu Nois,26.7,65,28.7,40.7
Cell Adrochtae,67.1,65,57.0,63.3
Cell Craobhnat,19.3,65,23.5,36.6
Ballymore,14.1,65,19.9,33.7
Daire Meilli (Co. Tipperary),6.3,65,14.4,29.3
Cell Osnata,28.1,65,29.7,41.5
Domnach-ceirne,39.4,65,37.6,47.8
Cell Raghnaighe,28.1,65,29.7,41.5
Cell-chatiern,33.8,65,33.6,44.7
Cluain-fidhi,36.6,65,35.6,46.2
Cell Ingine Branin,39.4,65,37.6,47.8
Senchell Dumaigi,25.9,65,28.1,40.2
Mellifont,22.3,45,25.6,31.2
Kilmana,39.4,65,37.6,47.8
Debeira West Dayr el-ʿAdra,28.1,45,29.7,34.5
Monastery of Archangel Raphael,39.4,45,37.6,40.8
Cell Sléibe Cuilinn (Killeavy),58.7,65,51.1,58.6
Tempall na ferta,65.4,45,55.8,55.4
Lismullen,16.8,65,21.8,35.2
Tech Munnu,8.9,45,16.2,23.7
Cell Since,39.4,65,37.6,47.8
Ath-da-laarg (Ireland),24.2,65,26.9,39.3
Cell Dara,59.1,75,51.4,62.4
Cell Choca,19.7,65,23.8,36.8
Cluain Iraird,22.0,65,25.4,38.1
Jerpoint,20.2,45,24.1,30.0
Druim Dubháin,23.1,65,26.2,38.7
Killeigh,21.0,65,24.7,37.5
Cluain Eraird,43.0,65,40.1,49.8
Inis Leamhnachta,22.1,45,25.5,31.1
Cluain Bairend,37.5,65,36.2,46.7
Cell Liadhuin,33.8,65,33.6,44.7
Whistones,16.8,65,21.8,35.2
Cook Hill,20.1,65,24.1,37.0
"Penitent Sisters, Worcester",16.8,65,21.8,35.2
Cell Richille,40.4,65,38.3,48.4
Hospital Church,18.3,55,22.8,32.5
Addrigoole,36.0,65,35.2,45.9
Cell Glaissi,22.5,65,25.7,38.3
Enach Dúine (Annaghdown),36.3,65,35.4,46.1
Lisbon (Rua da Madalena),0.7,45,10.5,19.1
Monastery of Flor da Rosa,11.8,55,18.2,28.8
Castle of Belver,36.7,55,35.7,42.8
Igreja de Santa Luzia (Lisbon),49.3,55,44.5,49.9
Castle of Amieira do Tejo,6.7,55,14.7,26.0
Cell Éala (Killala),22.2,65,25.5,38.2
